model,precision,recall,f1
BiLSTM_Attn (sim),1.0,0.9930313588850174,0.9965034965034965
GCN (sim),0.9899244332493703,0.6846689895470384,0.8094747682801235
TGN (sim),1.0,0.9930313588850174,0.9965034965034965
MMT (sim),0.9495192307692307,0.6881533101045296,0.797979797979798
"CTPP-GNN (proposed, sim)",1.0,0.9930313588850174,0.9965034965034965
